model,task,dataset,modality,size,bleu1_open,bleu2_open,bleu3_open,bleu4_open,rouge1_open,rouge2_open,rougeL_open,recall_open,precision_open,f1_open,accuracy_open,recall_overall,precision_overall,f1_overall,recall_closed,precision_closed,f1_closed,accuracy_closed
BLIP,vqa,SLAKE,general,2094,0.002704070895815502,9.56962225641848e-05,0.0,0.0,0.004570762290721478,9.635304040105241e-05,0.004511879878459181,0.019508909214791568,0.002847987677659553,0.004799198030689399,0.003179650238473768,0.05422263982435903,0.004773741549432512,0.008575911573092914,0.10645933014354067,0.007671586490449712,0.014259052286422621,0.10645933014354067
